{
  "llano": [
    30.6663312,
    -98.6970374
  ],
  "county line": [
    33.8251353,
    -102.0275449
  ],
  "liberty": [
    30.0856736,
    -94.7856262
  ]
}